Workbook

Sheet Dashboard
A1: SentriFlow 7-Day Plan: Dashboard
A2: ="Day 1 = "&TEXT(Setup!B4,"dd mmm yyyy")&" | Day 7 = "&TEXT(Setup!B4+6,"dd mmm yyyy") -> Day 1 = 20 Oct 2026 | Day 7 = 26 Oct 2026
A4: Overall
A5: Total tasks | B5: Done | C5: In progress | D5: Blocked | E5: Not started | F5: Overdue | G5: Est. hours | H5: Progress (hours-weighted)
A6: =COUNTA(Tasks!$A$5:$A$100) -> 36 | B6: =COUNTIF(Tasks!$O$5:$O$100,"Done") -> 0 | C6: =COUNTIF(Tasks!$O$5:$O$100,"In progress") -> 0 | D6: =COUNTIF(Tasks!$O$5:$O$100,"Blocked") -> 0 | E6: =COUNTIF(Tasks!$O$5:$O$100,"Not started") -> 36 | F6: =COUNTIFS(Tasks!$L$5:$L$100,"<"&TODAY(),Tasks!$O$5:$O$100,"<>Done") -> 33 | G6: =SUM(Tasks!$N$5:$N$100) -> 152 | H6: =IF(G6=0,0,SUMPRODUCT(Tasks!$N$5:$N$100,Tasks!$P$5:$P$100)/G6) -> 0
A8: By workstream
A9: Workstream | B9: Tasks | C9: Done | D9: In progress | E9: Blocked | F9: Est. hours | G9: Progress (hours-weighted)
A10: Software | B10: =COUNTIF(Tasks!$B$5:$B$100,A10) -> 21 | C10: =COUNTIFS(Tasks!$B$5:$B$100,A10,Tasks!$O$5:$O$100,"Done") -> 0 | D10: =COUNTIFS(Tasks!$B$5:$B$100,A10,Tasks!$O$5:$O$100,"In progress") -> 0 | E10: =COUNTIFS(Tasks!$B$5:$B$100,A10,Tasks!$O$5:$O$100,"Blocked") -> 0 | F10: =SUMIFS(Tasks!$N$5:$N$100,Tasks!$B$5:$B$100,A10) -> 95 | G10: =IF(F10=0,0,SUMPRODUCT((Tasks!$B$5:$B$100=A10)*Tasks!$N$5:$N$100*Tasks!$P$5:$P$100)/F10) -> 0
A11: Proposal | B11: =COUNTIF(Tasks!$B$5:$B$100,A11) -> 15 | C11: =COUNTIFS(Tasks!$B$5:$B$100,A11,Tasks!$O$5:$O$100,"Done") -> 0 | D11: =COUNTIFS(Tasks!$B$5:$B$100,A11,Tasks!$O$5:$O$100,"In progress") -> 0 | E11: =COUNTIFS(Tasks!$B$5:$B$100,A11,Tasks!$O$5:$O$100,"Blocked") -> 0 | F11: =SUMIFS(Tasks!$N$5:$N$100,Tasks!$B$5:$B$100,A11) -> 57 | G11: =IF(F11=0,0,SUMPRODUCT((Tasks!$B$5:$B$100=A11)*Tasks!$N$5:$N$100*Tasks!$P$5:$P$100)/F11) -> 0
A13: Workload by owner (primary owner only)
A14: Role | B14: Name | C14: Tasks | D14: Est. hours | E14: Capacity (h) | F14: Load | G14: Progress (hours-weighted)
A15: R1 | B15: {=INDEX(Setup!$B$10:$B$13,MATCH(A15,Setup!$A$10:$A$13,0))} -> Marcel Luther Sitorus | C15: =COUNTIF(Tasks!$F$5:$F$100,A15) -> 11 | D15: =SUMIFS(Tasks!$N$5:$N$100,Tasks!$F$5:$F$100,A15) -> 38 | E15: =Setup!$B$5*7 -> 42 | F15: =IF(E15=0,0,D15/E15) -> 0.9047619 | G15: =IF(D15=0,0,SUMPRODUCT((Tasks!$F$5:$F$100=A15)*Tasks!$N$5:$N$100*Tasks!$P$5:$P$100)/D15) -> 0
A16: R2 | B16: {=INDEX(Setup!$B$10:$B$13,MATCH(A16,Setup!$A$10:$A$13,0))} -> Audric Yusuf Maynard Simatupang | C16: =COUNTIF(Tasks!$F$5:$F$100,A16) -> 8 | D16: =SUMIFS(Tasks!$N$5:$N$100,Tasks!$F$5:$F$100,A16) -> 38 | E16: =Setup!$B$5*7 -> 42 | F16: =IF(E16=0,0,D16/E16) -> 0.9047619 | G16: =IF(D16=0,0,SUMPRODUCT((Tasks!$F$5:$F$100=A16)*Tasks!$N$5:$N$100*Tasks!$P$5:$P$100)/D16) -> 0
A17: R3 | B17: {=INDEX(Setup!$B$10:$B$13,MATCH(A17,Setup!$A$10:$A$13,0))} -> Mahatma Brahmana | C17: =COUNTIF(Tasks!$F$5:$F$100,A17) -> 9 | D17: =SUMIFS(Tasks!$N$5:$N$100,Tasks!$F$5:$F$100,A17) -> 37 | E17: =Setup!$B$5*7 -> 42 | F17: =IF(E17=0,0,D17/E17) -> 0.88095238 | G17: =IF(D17=0,0,SUMPRODUCT((Tasks!$F$5:$F$100=A17)*Tasks!$N$5:$N$100*Tasks!$P$5:$P$100)/D17) -> 0
A18: R4 | B18: {=INDEX(Setup!$B$10:$B$13,MATCH(A18,Setup!$A$10:$A$13,0))} -> Ishak Palentino Napitupulu | C18: =COUNTIF(Tasks!$F$5:$F$100,A18) -> 8 | D18: =SUMIFS(Tasks!$N$5:$N$100,Tasks!$F$5:$F$100,A18) -> 39 | E18: =Setup!$B$5*7 -> 42 | F18: =IF(E18=0,0,D18/E18) -> 0.92857143 | G18: =IF(D18=0,0,SUMPRODUCT((Tasks!$F$5:$F$100=A18)*Tasks!$N$5:$N$100*Tasks!$P$5:$P$100)/D18) -> 0
A19: Load above 100% (red) means the owner has more estimated hours than available capacity.
A21: By day
A22: Day | B22: Date | C22: Tasks due | D22: Done (of due) | E22: Tasks active | F22: Software milestone | G22: Proposal milestone
A23: D1 | B23: =Setup!$B$4+0 -> 46315 | C23: =COUNTIF(Tasks!$J$5:$J$100,1) -> 3 | D23: =COUNTIFS(Tasks!$J$5:$J$100,1,Tasks!$O$5:$O$100,"Done") -> 0 | E23: =COUNTIFS(Tasks!$I$5:$I$100,"<="&1,Tasks!$J$5:$J$100,">="&1) -> 5 | F23: Platform decided; repo ready; proxy intercepting HTTPS in a browser | G23: Outline, owners and page budget set; survey launched; cover fixed
A24: D2 | B24: =Setup!$B$4+1 -> 46316 | C24: =COUNTIF(Tasks!$J$5:$J$100,2) -> 5 | D24: =COUNTIFS(Tasks!$J$5:$J$100,2,Tasks!$O$5:$O$100,"Done") -> 0 | E24: =COUNTIFS(Tasks!$I$5:$I$100,"<="&2,Tasks!$J$5:$J$100,">="&2) -> 10 | F24: Flow capture, process attribution, DB schema; API contract frozen | G24: Introduction and root-cause analysis drafted
A25: D3 | B25: =Setup!$B$4+2 -> 46317 | C25: =COUNTIF(Tasks!$J$5:$J$100,3) -> 6 | D25: =COUNTIFS(Tasks!$J$5:$J$100,3,Tasks!$O$5:$O$100,"Done") -> 0 | E25: =COUNTIFS(Tasks!$I$5:$I$100,"<="&3,Tasks!$J$5:$J$100,">="&3) -> 11 | F25: Backend REST + WebSocket live; blocklist and PII inspector working; frontend running on mock data | G25: Existing-solutions comparison and Proposed Solution drafted; diagrams started
A26: D4 | B26: =Setup!$B$4+3 -> 46318 | C26: =COUNTIF(Tasks!$J$5:$J$100,4) -> 4 | D26: =COUNTIFS(Tasks!$J$5:$J$100,4,Tasks!$O$5:$O$100,"Done") -> 0 | E26: =COUNTIFS(Tasks!$I$5:$I$100,"<="&4,Tasks!$J$5:$J$100,">="&4) -> 8 | F26: CHECKPOINT: Halt hold/release works end to end; live dashboard on real data | G26: Survey closed; diagrams and Technical Implementation drafted
A27: D5 | B27: =Setup!$B$4+4 -> 46319 | C27: =COUNTIF(Tasks!$J$5:$J$100,5) -> 8 | D27: =COUNTIFS(Tasks!$J$5:$J$100,5,Tasks!$O$5:$O$100,"Done") -> 0 | E27: =COUNTIFS(Tasks!$I$5:$I$100,"<="&5,Tasks!$J$5:$J$100,">="&5) -> 11 | F27: Halt prompt UI, alerts, privacy score, pinning/QUIC handling; tests running | G27: Expected MVP/impact/plan done; survey results integrated; references checked
A28: D6 | B28: =Setup!$B$4+5 -> 46320 | C28: =COUNTIF(Tasks!$J$5:$J$100,6) -> 7 | D28: =COUNTIFS(Tasks!$J$5:$J$100,6,Tasks!$O$5:$O$100,"Done") -> 0 | E28: =COUNTIFS(Tasks!$I$5:$I$100,"<="&6,Tasks!$J$5:$J$100,">="&6) -> 7 | F28: Integration and bug fixing; geo-map/anomaly only if on track | G28: Full draft assembled (max 15 pages); peer review against rubric
A29: D7 | B29: =Setup!$B$4+6 -> 46321 | C29: =COUNTIF(Tasks!$J$5:$J$100,7) -> 3 | D29: =COUNTIFS(Tasks!$J$5:$J$100,7,Tasks!$O$5:$O$100,"Done") -> 0 | E29: =COUNTIFS(Tasks!$I$5:$I$100,"<="&7,Tasks!$J$5:$J$100,">="&7) -> 3 | F29: KPI measurement, rehearsal, backup video, code freeze | G29: Final fixes; export FPH_Senklok.pdf; submit
A31: Notes: milestones are my proposed targets. Overdue uses today's date and the Day 1 date in Setup.

Sheet Tasks
A1: SentriFlow 7-Day Task Tracker: Software MVP + Full Proposal (Team Senklok)
A2: Edit Status (column O) and Notes (column R). Owner name, dates, % done and Gantt are formulas.
P3: Gantt: | R3: blue=Software, orange=Proposal, green=Done | S3: =Setup!$B$4+0 -> 46315 | T3: =Setup!$B$4+1 -> 46316 | U3: =Setup!$B$4+2 -> 46317 | V3: =Setup!$B$4+3 -> 46318 | W3: =Setup!$B$4+4 -> 46319 | X3: =Setup!$B$4+5 -> 46320 | Y3: =Setup!$B$4+6 -> 46321
A4: ID | B4: Workstream | C4: Task | D4: Description | E4: Definition of done | F4: Owner role | G4: Owner | H4: Support | I4: Start day | J4: Due day | K4: Start date | L4: Due date | M4: Priority | N4: Est. hours | O4: Status | P4: % done | Q4: Depends on | R4: Notes | S4: D1 | T4: D2 | U4: D3 | V4: D4 | W4: D5 | X4: D6 | Y4: D7
A5: S01 | B5: Software | C5: Platform decision & dev environment | D5: Choose the primary OS (Windows 11 recommended, as in the concept proposal) and fix it for the whole build. Create Git repo, Python venv, Node setup, folders (proxy/, backend/, frontend/, tests/), linters and README. | E5: Decision recorded; all 4 members can clone and run the hello-world proxy | F5: R2 | G5: {=IFERROR(INDEX(Setup!$B$10:$B$13,MATCH(F5,Setup!$A$10:$A$13,0)),"")} -> Audric Yusuf Maynard Simatupang | H5: R1 | I5: 1 | J5: 1 | K5: =Setup!$B$4+I5-1 -> 46315 | L5: =Setup!$B$4+J5-1 -> 46315 | M5: Core | N5: 3 | O5: Done | P5: {=IFERROR(INDEX(Setup!$B$17:$B$20,MATCH(O5,Setup!$A$17:$A$20,0)),0)} -> 0 | R5: 2026-10-27 (Asia/Jakarta): Implemented Windows 11 / Python 3.12 / Node 22 environment, setup/run/test/build scripts and README. Local Linux environment validated; teammates should run setup on Windows. See docs/audric-worklog.md. | S5: =IF(AND(1>=$I5,1<=$J5),"■","") -> ■ | T5: =IF(AND(2>=$I5,2<=$J5),"■","") | U5: =IF(AND(3>=$I5,3<=$J5),"■","") | V5: =IF(AND(4>=$I5,4<=$J5),"■","") | W5: =IF(AND(5>=$I5,5<=$J5),"■","") | X5: =IF(AND(6>=$I5,6<=$J5),"■","") | Y5: =IF(AND(7>=$I5,7<=$J5),"■","")
A6: S02 | B6: Software | C6: Proxy pipeline + local CA | D6: Run mitmproxy with an addon on 127.0.0.1. Install the local CA with user consent. Route system HTTP/HTTPS via the proxy and restore settings automatically on exit. | E6: Open an HTTPS site in a browser and see the decrypted request logged; proxy settings restored after stop | F6: R2 | G6: {=IFERROR(INDEX(Setup!$B$10:$B$13,MATCH(F6,Setup!$A$10:$A$13,0)),"")} -> Audric Yusuf Maynard Simatupang | H6: R3 | I6: 1 | J6: 2 | K6: =Setup!$B$4+I6-1 -> 46315 | L6: =Setup!$B$4+J6-1 -> 46316 | M6: Core | N6: 6 | O6: In progress | P6: {=IFERROR(INDEX(Setup!$B$17:$B$20,MATCH(O6,Setup!$A$17:$A$20,0)),0)} -> 0 | Q6: S01 | R6: 2026-10-27 (Asia/Jakarta): Implemented embedded proxy, per-install CA lifecycle, consent, exact proxy snapshot/restore and crash watchdog. Real local HTTP/HTTPS tests pass. Native Windows CA/browser and forced-termination recovery evidence pending. | S6: =IF(AND(1>=$I6,1<=$J6),"■","") -> ■ | T6: =IF(AND(2>=$I6,2<=$J6),"■","") -> ■ | U6: =IF(AND(3>=$I6,3<=$J6),"■","") | V6: =IF(AND(4>=$I6,4<=$J6),"■","") | W6: =IF(AND(5>=$I6,5<=$J6),"■","") | X6: =IF(AND(6>=$I6,6<=$J6),"■","") | Y6: =IF(AND(7>=$I6,7<=$J6),"■","")
A7: S03 | B7: Software | C7: Flow capture & event model | D7: Extract host, URL, method, headers, body size and timestamps from each flow. Define one JSON event schema shared by backend and frontend. | E7: Schema document + addon emits events for every flow | F7: R2 | G7: {=IFERROR(INDEX(Setup!$B$10:$B$13,MATCH(F7,Setup!$A$10:$A$13,0)),"")} -> Audric Yusuf Maynard Simatupang | H7: R4 | I7: 2 | J7: 2 | K7: =Setup!$B$4+I7-1 -> 46316 | L7: =Setup!$B$4+J7-1 -> 46316 | M7: Core | N7: 3 | O7: Done | P7: {=IFERROR(INDEX(Setup!$B$17:$B$20,MATCH(O7,Setup!$A$17:$A$20,0)),0)} -> 0 | Q7: S02 | R7: 2026-10-27 (Asia/Jakarta): Implemented masked flow capture, event envelope, bounded event bus and matching TypeScript contracts. Lifecycle events verified; contract frozen in docs/api.md. | S7: =IF(AND(1>=$I7,1<=$J7),"■","") | T7: =IF(AND(2>=$I7,2<=$J7),"■","") -> ■ | U7: =IF(AND(3>=$I7,3<=$J7),"■","") | V7: =IF(AND(4>=$I7,4<=$J7),"■","") | W7: =IF(AND(5>=$I7,5<=$J7),"■","") | X7: =IF(AND(6>=$I7,6<=$J7),"■","") | Y7: =IF(AND(7>=$I7,7<=$J7),"■","")
A8: S04 | B8: Software | C8: Process attribution (psutil) | D8: Map client source port to PID and executable name. Handle unknown or short-lived processes. | E8: At least 90% of captured flows in a test session carry a process name | F8: R3 | G8: {=IFERROR(INDEX(Setup!$B$10:$B$13,MATCH(F8,Setup!$A$10:$A$13,0)),"")} -> Mahatma Brahmana | H8: R2 | I8: 2 | J8: 2 | K8: =Setup!$B$4+I8-1 -> 46316 | L8: =Setup!$B$4+J8-1 -> 46316 | M8: Core | N8: 4 | O8: Not started | P8: {=IFERROR(INDEX(Setup!$B$17:$B$20,MATCH(O8,Setup!$A$17:$A$20,0)),0)} -> 0 | Q8: S02 | S8: =IF(AND(1>=$I8,1<=$J8),"■","") | T8: =IF(AND(2>=$I8,2<=$J8),"■","") -> ■ | U8: =IF(AND(3>=$I8,3<=$J8),"■","") | V8: =IF(AND(4>=$I8,4<=$J8),"■","") | W8: =IF(AND(5>=$I8,5<=$J8),"■","") | X8: =IF(AND(6>=$I8,6<=$J8),"■","") | Y8: =IF(AND(7>=$I8,7<=$J8),"■","")
A9: S05 | B9: Software | C9: SQLite schema & data layer | D9: Tables for flows, rules, alerts, blocklist, settings. Data-access functions, masked logging (labels and masked samples only, no full payloads). | E9: Schema applied; CRUD functions covered by tests | F9: R3 | G9: {=IFERROR(INDEX(Setup!$B$10:$B$13,MATCH(F9,Setup!$A$10:$A$13,0)),"")} -> Mahatma Brahmana | H9: R2 | I9: 2 | J9: 2 | K9: =Setup!$B$4+I9-1 -> 46316 | L9: =Setup!$B$4+J9-1 -> 46316 | M9: Core | N9: 4 | O9: Not started | P9: {=IFERROR(INDEX(Setup!$B$17:$B$20,MATCH(O9,Setup!$A$17:$A$20,0)),0)} -> 0 | Q9: S01 | S9: =IF(AND(1>=$I9,1<=$J9),"■","") | T9: =IF(AND(2>=$I9,2<=$J9),"■","") -> ■ | U9: =IF(AND(3>=$I9,3<=$J9),"■","") | V9: =IF(AND(4>=$I9,4<=$J9),"■","") | W9: =IF(AND(5>=$I9,5<=$J9),"■","") | X9: =IF(AND(6>=$I9,6<=$J9),"■","") | Y9: =IF(AND(7>=$I9,7<=$J9),"■","")
A10: S06 | B10: Software | C10: FastAPI backend: REST + WebSocket | D10: Endpoints for flows, rules, alerts, settings and Allow/Block decisions. WebSocket pushes live events. Bind to 127.0.0.1 only, session token and origin check. Freeze the API contract by end of Day 2 so the frontend can mock against it. | E10: API contract doc shared; live events reach a WebSocket test client | F10: R2 | G10: {=IFERROR(INDEX(Setup!$B$10:$B$13,MATCH(F10,Setup!$A$10:$A$13,0)),"")} -> Audric Yusuf Maynard Simatupang | H10: R4 | I10: 2 | J10: 3 | K10: =Setup!$B$4+I10-1 -> 46316 | L10: =Setup!$B$4+J10-1 -> 46317 | M10: Core | N10: 7 | O10: Done | P10: {=IFERROR(INDEX(Setup!$B$17:$B$20,MATCH(O10,Setup!$A$17:$A$20,0)),0)} -> 0 | Q10: S03, S05 | R10: 2026-10-27 (Asia/Jakarta): Implemented loopback REST, authenticated WebSocket/Halt commands, CRUD/history/settings, Host/Origin/token checks, TS clients and Vite proxy. API/WS integration tests pass. | S10: =IF(AND(1>=$I10,1<=$J10),"■","") | T10: =IF(AND(2>=$I10,2<=$J10),"■","") -> ■ | U10: =IF(AND(3>=$I10,3<=$J10),"■","") -> ■ | V10: =IF(AND(4>=$I10,4<=$J10),"■","") | W10: =IF(AND(5>=$I10,5<=$J10),"■","") | X10: =IF(AND(6>=$I10,6<=$J10),"■","") | Y10: =IF(AND(7>=$I10,7<=$J10),"■","")
A11: S07 | B11: Software | C11: Tracker blocklist loader & matcher | D11: Load StevenBlack hosts / EasyPrivacy into SQLite and match request destinations (including subdomains). Option: alert or auto-block. | E11: Known tracker domains matched in a test list; unknown domain not matched | F11: R3 | G11: {=IFERROR(INDEX(Setup!$B$10:$B$13,MATCH(F11,Setup!$A$10:$A$13,0)),"")} -> Mahatma Brahmana | I11: 3 | J11: 3 | K11: =Setup!$B$4+I11-1 -> 46317 | L11: =Setup!$B$4+J11-1 -> 46317 | M11: Core | N11: 3 | O11: Not started | P11: {=IFERROR(INDEX(Setup!$B$17:$B$20,MATCH(O11,Setup!$A$17:$A$20,0)),0)} -> 0 | Q11: S05 | S11: =IF(AND(1>=$I11,1<=$J11),"■","") | T11: =IF(AND(2>=$I11,2<=$J11),"■","") | U11: =IF(AND(3>=$I11,3<=$J11),"■","") -> ■ | V11: =IF(AND(4>=$I11,4<=$J11),"■","") | W11: =IF(AND(5>=$I11,5<=$J11),"■","") | X11: =IF(AND(6>=$I11,6<=$J11),"■","") | Y11: =IF(AND(7>=$I11,7<=$J11),"■","")
A12: S08 | B12: Software | C12: PII & sensitive-string inspector | D12: Scan URL, headers and body for email, phone, card numbers (Luhn) and user-defined strings. Size and content-type limits. Return pattern label plus masked sample. | E12: Unit tests pass; 100% of seeded dummy PII detected | F12: R3 | G12: {=IFERROR(INDEX(Setup!$B$10:$B$13,MATCH(F12,Setup!$A$10:$A$13,0)),"")} -> Mahatma Brahmana | H12: R2 | I12: 3 | J12: 3 | K12: =Setup!$B$4+I12-1 -> 46317 | L12: =Setup!$B$4+J12-1 -> 46317 | M12: Core | N12: 6 | O12: Not started | P12: {=IFERROR(INDEX(Setup!$B$17:$B$20,MATCH(O12,Setup!$A$17:$A$20,0)),0)} -> 0 | Q12: S03 | S12: =IF(AND(1>=$I12,1<=$J12),"■","") | T12: =IF(AND(2>=$I12,2<=$J12),"■","") | U12: =IF(AND(3>=$I12,3<=$J12),"■","") -> ■ | V12: =IF(AND(4>=$I12,4<=$J12),"■","") | W12: =IF(AND(5>=$I12,5<=$J12),"■","") | X12: =IF(AND(6>=$I12,6<=$J12),"■","") | Y12: =IF(AND(7>=$I12,7<=$J12),"■","")
A13: S09 | B13: Software | C13: Decision engine & Halt (hold/release) | D13: Trigger Halt when an unknown process sends a large payload, PII is found or a tracker is contacted. Hold the flow until the user decides or timeout (default Block). Rules once/always with precedence, saved in SQLite. | E13: Held request released or dropped by decision; decision applied within 1 second | F13: R2 | G13: {=IFERROR(INDEX(Setup!$B$10:$B$13,MATCH(F13,Setup!$A$10:$A$13,0)),"")} -> Audric Yusuf Maynard Simatupang | H13: R3 | I13: 3 | J13: 4 | K13: =Setup!$B$4+I13-1 -> 46317 | L13: =Setup!$B$4+J13-1 -> 46318 | M13: Core | N13: 8 | O13: Done | P13: {=IFERROR(INDEX(Setup!$B$17:$B$20,MATCH(O13,Setup!$A$17:$A$20,0)),0)} -> 0 | Q13: S04, S06, S07, S08 | R13: 2026-10-27 (Asia/Jakarta): Implemented independent Halt futures, all four choices, persistent scoped rules and precedence, timeout/shutdown Block and persistence before release. Concurrency and persistence failure tests pass. | S13: =IF(AND(1>=$I13,1<=$J13),"■","") | T13: =IF(AND(2>=$I13,2<=$J13),"■","") | U13: =IF(AND(3>=$I13,3<=$J13),"■","") -> ■ | V13: =IF(AND(4>=$I13,4<=$J13),"■","") -> ■ | W13: =IF(AND(5>=$I13,5<=$J13),"■","") | X13: =IF(AND(6>=$I13,6<=$J13),"■","") | Y13: =IF(AND(7>=$I13,7<=$J13),"■","")
A14: S10 | B14: Software | C14: Frontend scaffold & WebSocket client | D14: React + Tailwind project, routing, layout, WebSocket hook. Build against mock data from the API contract so work does not wait for the backend. | E14: Dashboard shell renders mock events | F14: R4 | G14: {=IFERROR(INDEX(Setup!$B$10:$B$13,MATCH(F14,Setup!$A$10:$A$13,0)),"")} -> Ishak Palentino Napitupulu | I14: 2 | J14: 3 | K14: =Setup!$B$4+I14-1 -> 46316 | L14: =Setup!$B$4+J14-1 -> 46317 | M14: Core | N14: 4 | O14: Not started | P14: {=IFERROR(INDEX(Setup!$B$17:$B$20,MATCH(O14,Setup!$A$17:$A$20,0)),0)} -> 0 | Q14: S01 | S14: =IF(AND(1>=$I14,1<=$J14),"■","") | T14: =IF(AND(2>=$I14,2<=$J14),"■","") -> ■ | U14: =IF(AND(3>=$I14,3<=$J14),"■","") -> ■ | V14: =IF(AND(4>=$I14,4<=$J14),"■","") | W14: =IF(AND(5>=$I14,5<=$J14),"■","") | X14: =IF(AND(6>=$I14,6<=$J14),"■","") | Y14: =IF(AND(7>=$I14,7<=$J14),"■","")
A15: S11 | B15: Software | C15: Live traffic dashboard | D15: Connections grouped by application, live upload/download speed (Recharts), filterable flow table, plain-language labels. | E15: Real events from the backend show up live, grouped per app | F15: R4 | G15: {=IFERROR(INDEX(Setup!$B$10:$B$13,MATCH(F15,Setup!$A$10:$A$13,0)),"")} -> Ishak Palentino Napitupulu | H15: R2 | I15: 3 | J15: 4 | K15: =Setup!$B$4+I15-1 -> 46317 | L15: =Setup!$B$4+J15-1 -> 46318 | M15: Core | N15: 7 | O15: Not started | P15: {=IFERROR(INDEX(Setup!$B$17:$B$20,MATCH(O15,Setup!$A$17:$A$20,0)),0)} -> 0 | Q15: S06, S10 | S15: =IF(AND(1>=$I15,1<=$J15),"■","") | T15: =IF(AND(2>=$I15,2<=$J15),"■","") | U15: =IF(AND(3>=$I15,3<=$J15),"■","") -> ■ | V15: =IF(AND(4>=$I15,4<=$J15),"■","") -> ■ | W15: =IF(AND(5>=$I15,5<=$J15),"■","") | X15: =IF(AND(6>=$I15,6<=$J15),"■","") | Y15: =IF(AND(7>=$I15,7<=$J15),"■","")
A16: S12 | B16: Software | C16: Halt prompt UI & rules page | D16: Modal showing process, destination, matched pattern and size. Allow/Block once or always, countdown to default Block, desktop notification fallback. Rules list with edit/delete. | E16: Prompt appears on a held request and the decision reaches the backend | F16: R4 | G16: {=IFERROR(INDEX(Setup!$B$10:$B$13,MATCH(F16,Setup!$A$10:$A$13,0)),"")} -> Ishak Palentino Napitupulu | H16: R2 | I16: 4 | J16: 5 | K16: =Setup!$B$4+I16-1 -> 46318 | L16: =Setup!$B$4+J16-1 -> 46319 | M16: Core | N16: 7 | O16: Not started | P16: {=IFERROR(INDEX(Setup!$B$17:$B$20,MATCH(O16,Setup!$A$17:$A$20,0)),0)} -> 0 | Q16: S09, S10 | S16: =IF(AND(1>=$I16,1<=$J16),"■","") | T16: =IF(AND(2>=$I16,2<=$J16),"■","") | U16: =IF(AND(3>=$I16,3<=$J16),"■","") | V16: =IF(AND(4>=$I16,4<=$J16),"■","") -> ■ | W16: =IF(AND(5>=$I16,5<=$J16),"■","") -> ■ | X16: =IF(AND(6>=$I16,6<=$J16),"■","") | Y16: =IF(AND(7>=$I16,7<=$J16),"■","")
A17: S13 | B17: Software | C17: Alerts view & privacy score | D17: High-priority PII alert list and a transparent privacy score (shows how it is computed from blocked leaks and trackers). | E17: Seeded PII leak raises an alert and changes the score | F17: R4 | G17: {=IFERROR(INDEX(Setup!$B$10:$B$13,MATCH(F17,Setup!$A$10:$A$13,0)),"")} -> Ishak Palentino Napitupulu | H17: R3 | I17: 5 | J17: 5 | K17: =Setup!$B$4+I17-1 -> 46319 | L17: =Setup!$B$4+J17-1 -> 46319 | M17: Should | N17: 4 | O17: Not started | P17: {=IFERROR(INDEX(Setup!$B$17:$B$20,MATCH(O17,Setup!$A$17:$A$20,0)),0)} -> 0 | Q17: S08, S11 | S17: =IF(AND(1>=$I17,1<=$J17),"■","") | T17: =IF(AND(2>=$I17,2<=$J17),"■","") | U17: =IF(AND(3>=$I17,3<=$J17),"■","") | V17: =IF(AND(4>=$I17,4<=$J17),"■","") | W17: =IF(AND(5>=$I17,5<=$J17),"■","") -> ■ | X17: =IF(AND(6>=$I17,6<=$J17),"■","") | Y17: =IF(AND(7>=$I17,7<=$J17),"■","")
A18: S14 | B18: Software | C18: Geo-map (offline GeoIP + Leaflet) | D18: Plot destination countries from an offline IP-to-location database. Do only if core features work end to end. | E18: Map shows destinations from a test session | F18: R4 | G18: {=IFERROR(INDEX(Setup!$B$10:$B$13,MATCH(F18,Setup!$A$10:$A$13,0)),"")} -> Ishak Palentino Napitupulu | H18: R3 | I18: 6 | J18: 6 | K18: =Setup!$B$4+I18-1 -> 46320 | L18: =Setup!$B$4+J18-1 -> 46320 | M18: Extended | N18: 5 | O18: Not started | P18: {=IFERROR(INDEX(Setup!$B$17:$B$20,MATCH(O18,Setup!$A$17:$A$20,0)),0)} -> 0 | Q18: S06 | S18: =IF(AND(1>=$I18,1<=$J18),"■","") | T18: =IF(AND(2>=$I18,2<=$J18),"■","") | U18: =IF(AND(3>=$I18,3<=$J18),"■","") | V18: =IF(AND(4>=$I18,4<=$J18),"■","") | W18: =IF(AND(5>=$I18,5<=$J18),"■","") | X18: =IF(AND(6>=$I18,6<=$J18),"■","") -> ■ | Y18: =IF(AND(7>=$I18,7<=$J18),"■","")
A19: S15 | B19: Software | C19: Certificate pinning & QUIC handling | D19: Mark pinned apps as 'encrypted, not inspected' (host, size, process still logged). Script to block UDP 443 for the demo so browsers fall back to HTTP/2. | E19: Pinned app shown correctly; browser traffic passes through the proxy after the script | F19: R3 | G19: {=IFERROR(INDEX(Setup!$B$10:$B$13,MATCH(F19,Setup!$A$10:$A$13,0)),"")} -> Mahatma Brahmana | H19: R2 | I19: 5 | J19: 5 | K19: =Setup!$B$4+I19-1 -> 46319 | L19: =Setup!$B$4+J19-1 -> 46319 | M19: Should | N19: 3 | O19: Not started | P19: {=IFERROR(INDEX(Setup!$B$17:$B$20,MATCH(O19,Setup!$A$17:$A$20,0)),0)} -> 0 | Q19: S02 | S19: =IF(AND(1>=$I19,1<=$J19),"■","") | T19: =IF(AND(2>=$I19,2<=$J19),"■","") | U19: =IF(AND(3>=$I19,3<=$J19),"■","") | V19: =IF(AND(4>=$I19,4<=$J19),"■","") | W19: =IF(AND(5>=$I19,5<=$J19),"■","") -> ■ | X19: =IF(AND(6>=$I19,6<=$J19),"■","") | Y19: =IF(AND(7>=$I19,7<=$J19),"■","")
A20: S16 | B20: Software | C20: Anomaly flag (rule-based baseline) | D20: Simple per-process baseline (e.g., a calculator opening a connection) raises an alert. IsolationForest only if time remains. | E20: Test process outside its baseline is flagged | F20: R3 | G20: {=IFERROR(INDEX(Setup!$B$10:$B$13,MATCH(F20,Setup!$A$10:$A$13,0)),"")} -> Mahatma Brahmana | I20: 6 | J20: 6 | K20: =Setup!$B$4+I20-1 -> 46320 | L20: =Setup!$B$4+J20-1 -> 46320 | M20: Stretch | N20: 3 | O20: Not started | P20: {=IFERROR(INDEX(Setup!$B$17:$B$20,MATCH(O20,Setup!$A$17:$A$20,0)),0)} -> 0 | Q20: S04, S05 | S20: =IF(AND(1>=$I20,1<=$J20),"■","") | T20: =IF(AND(2>=$I20,2<=$J20),"■","") | U20: =IF(AND(3>=$I20,3<=$J20),"■","") | V20: =IF(AND(4>=$I20,4<=$J20),"■","") | W20: =IF(AND(5>=$I20,5<=$J20),"■","") | X20: =IF(AND(6>=$I20,6<=$J20),"■","") -> ■ | Y20: =IF(AND(7>=$I20,7<=$J20),"■","")
A21: S17 | B21: Software | C21: Automated tests (unit + integration) | D21: Unit tests for Luhn, regex patterns, rule precedence and blocklist matching. Integration test using the local test server. | E21: Test suite runs with one command and passes | F21: R3 | G21: {=IFERROR(INDEX(Setup!$B$10:$B$13,MATCH(F21,Setup!$A$10:$A$13,0)),"")} -> Mahatma Brahmana | H21: R2 | I21: 5 | J21: 6 | K21: =Setup!$B$4+I21-1 -> 46319 | L21: =Setup!$B$4+J21-1 -> 46320 | M21: Core | N21: 5 | O21: Not started | P21: {=IFERROR(INDEX(Setup!$B$17:$B$20,MATCH(O21,Setup!$A$17:$A$20,0)),0)} -> 0 | Q21: S08, S09 | S21: =IF(AND(1>=$I21,1<=$J21),"■","") | T21: =IF(AND(2>=$I21,2<=$J21),"■","") | U21: =IF(AND(3>=$I21,3<=$J21),"■","") | V21: =IF(AND(4>=$I21,4<=$J21),"■","") | W21: =IF(AND(5>=$I21,5<=$J21),"■","") -> ■ | X21: =IF(AND(6>=$I21,6<=$J21),"■","") -> ■ | Y21: =IF(AND(7>=$I21,7<=$J21),"■","")
A22: S18 | B22: Software | C22: Demo environment & seeded data | D22: Local test server with a tracker-heavy page and a form with seeded dummy PII (dummy data only). Demo script with exact click path. | E22: Demo script runs without internet access | F22: R1 | G22: {=IFERROR(INDEX(Setup!$B$10:$B$13,MATCH(F22,Setup!$A$10:$A$13,0)),"")} -> Marcel Luther Sitorus | H22: R2 | I22: 4 | J22: 5 | K22: =Setup!$B$4+I22-1 -> 46318 | L22: =Setup!$B$4+J22-1 -> 46319 | M22: Core | N22: 3 | O22: Not started | P22: {=IFERROR(INDEX(Setup!$B$17:$B$20,MATCH(O22,Setup!$A$17:$A$20,0)),0)} -> 0 | Q22: S01 | S22: =IF(AND(1>=$I22,1<=$J22),"■","") | T22: =IF(AND(2>=$I22,2<=$J22),"■","") | U22: =IF(AND(3>=$I22,3<=$J22),"■","") | V22: =IF(AND(4>=$I22,4<=$J22),"■","") -> ■ | W22: =IF(AND(5>=$I22,5<=$J22),"■","") -> ■ | X22: =IF(AND(6>=$I22,6<=$J22),"■","") | Y22: =IF(AND(7>=$I22,7<=$J22),"■","")
A23: S19 | B23: Software | C23: End-to-end integration & bug fixing | D23: Run the full flow: page load, tracker alert, PII halt, block, score update. Fix blockers only, no new features. | E23: Full demo path works 3 times in a row | F23: R2 | G23: {=IFERROR(INDEX(Setup!$B$10:$B$13,MATCH(F23,Setup!$A$10:$A$13,0)),"")} -> Audric Yusuf Maynard Simatupang | H23: All | I23: 6 | J23: 6 | K23: =Setup!$B$4+I23-1 -> 46320 | L23: =Setup!$B$4+J23-1 -> 46320 | M23: Core | N23: 4 | O23: In progress | P23: {=IFERROR(INDEX(Setup!$B$17:$B$20,MATCH(O23,Setup!$A$17:$A$20,0)),0)} -> 0 | Q23: S09-S13 | R23: 2026-10-27 (Asia/Jakarta): Three real HTTP/HTTPS backend rehearsals pass for tracker Halt, PII allow/block, score, saved rules and timeout. Full dashboard rehearsal awaits R4 UI integration. | S23: =IF(AND(1>=$I23,1<=$J23),"■","") | T23: =IF(AND(2>=$I23,2<=$J23),"■","") | U23: =IF(AND(3>=$I23,3<=$J23),"■","") | V23: =IF(AND(4>=$I23,4<=$J23),"■","") | W23: =IF(AND(5>=$I23,5<=$J23),"■","") | X23: =IF(AND(6>=$I23,6<=$J23),"■","") -> ■ | Y23: =IF(AND(7>=$I23,7<=$J23),"■","")
A24: S20 | B24: Software | C24: KPI measurement, rehearsal & backup video | D24: Measure targets: at least 90% flows attributed, 100% seeded PII detected, decision within 1 second. Rehearse demo and record a backup video. Take screenshots for the proposal. | E24: KPI table with measured values; video file saved | F24: R2 | G24: {=IFERROR(INDEX(Setup!$B$10:$B$13,MATCH(F24,Setup!$A$10:$A$13,0)),"")} -> Audric Yusuf Maynard Simatupang | H24: R3, R4 | I24: 7 | J24: 7 | K24: =Setup!$B$4+I24-1 -> 46321 | L24: =Setup!$B$4+J24-1 -> 46321 | M24: Core | N24: 4 | O24: In progress | P24: {=IFERROR(INDEX(Setup!$B$17:$B$20,MATCH(O24,Setup!$A$17:$A$20,0)),0)} -> 0 | Q24: S19 | R24: 2026-10-27 (Asia/Jakarta): Measured Linux backend: 28/28 named flows, 18/18 PII matches, 23.17 ms maximum decision-to-response. Reproduce docs/evidence/kpis.json. Windows browser sample, real UI screenshots and backup video pending. | S24: =IF(AND(1>=$I24,1<=$J24),"■","") | T24: =IF(AND(2>=$I24,2<=$J24),"■","") | U24: =IF(AND(3>=$I24,3<=$J24),"■","") | V24: =IF(AND(4>=$I24,4<=$J24),"■","") | W24: =IF(AND(5>=$I24,5<=$J24),"■","") | X24: =IF(AND(6>=$I24,6<=$J24),"■","") | Y24: =IF(AND(7>=$I24,7<=$J24),"■","") -> ■
A25: S21 | B25: Software | C25: Code freeze, cleanup & setup guide | D25: Freeze the main branch, run linters, write the README with install, CA removal and demo steps. | E25: Tagged release; README tested by a teammate | F25: R1 | G25: {=IFERROR(INDEX(Setup!$B$10:$B$13,MATCH(F25,Setup!$A$10:$A$13,0)),"")} -> Marcel Luther Sitorus | H25: R4 | I25: 7 | J25: 7 | K25: =Setup!$B$4+I25-1 -> 46321 | L25: =Setup!$B$4+J25-1 -> 46321 | M25: Should | N25: 2 | O25: Not started | P25: {=IFERROR(INDEX(Setup!$B$17:$B$20,MATCH(O25,Setup!$A$17:$A$20,0)),0)} -> 0 | Q25: S19 | S25: =IF(AND(1>=$I25,1<=$J25),"■","") | T25: =IF(AND(2>=$I25,2<=$J25),"■","") | U25: =IF(AND(3>=$I25,3<=$J25),"■","") | V25: =IF(AND(4>=$I25,4<=$J25),"■","") | W25: =IF(AND(5>=$I25,5<=$J25),"■","") | X25: =IF(AND(6>=$I25,6<=$J25),"■","") | Y25: =IF(AND(7>=$I25,7<=$J25),"■","") -> ■
A26: P01 | B26: Proposal | C26: Kickoff: outline, page budget & ownership | D26: Map the official structure (Cover, Introduction, Problem Analysis, Proposed Solution, System Design, Technical Implementation, Expected MVP, References) to an outline. Page budget within the 15-page limit (cover, references, appendix excluded). Choose the writing tool, assign sections, set up an IEEE reference manager. | E26: Outline with page budget and owner per section; shared document created | F26: R1 | G26: {=IFERROR(INDEX(Setup!$B$10:$B$13,MATCH(F26,Setup!$A$10:$A$13,0)),"")} -> Marcel Luther Sitorus | H26: All | I26: 1 | J26: 1 | K26: =Setup!$B$4+I26-1 -> 46315 | L26: =Setup!$B$4+J26-1 -> 46315 | M26: Must | N26: 3 | O26: Not started | P26: {=IFERROR(INDEX(Setup!$B$17:$B$20,MATCH(O26,Setup!$A$17:$A$20,0)),0)} -> 0 | S26: =IF(AND(1>=$I26,1<=$J26),"■","") -> ■ | T26: =IF(AND(2>=$I26,2<=$J26),"■","") | U26: =IF(AND(3>=$I26,3<=$J26),"■","") | V26: =IF(AND(4>=$I26,4<=$J26),"■","") | W26: =IF(AND(5>=$I26,5<=$J26),"■","") | X26: =IF(AND(6>=$I26,6<=$J26),"■","") | Y26: =IF(AND(7>=$I26,7<=$J26),"■","")
A27: P02 | B27: Proposal | C27: User validation: survey + interviews | D27: The concept proposal has no user evidence, yet Problem & User Validation is 20% of the score. Launch a short survey (about 10 questions, target 30 or more responses from students, remote workers, SME staff) and run 3 to 5 short interviews. Close on Day 4. | E27: Raw responses + summary charts + 3 to 5 interview notes | F27: R1 | G27: {=IFERROR(INDEX(Setup!$B$10:$B$13,MATCH(F27,Setup!$A$10:$A$13,0)),"")} -> Marcel Luther Sitorus | H27: R4 | I27: 1 | J27: 4 | K27: =Setup!$B$4+I27-1 -> 46315 | L27: =Setup!$B$4+J27-1 -> 46318 | M27: Must | N27: 5 | O27: Not started | P27: {=IFERROR(INDEX(Setup!$B$17:$B$20,MATCH(O27,Setup!$A$17:$A$20,0)),0)} -> 0 | S27: =IF(AND(1>=$I27,1<=$J27),"■","") -> ■ | T27: =IF(AND(2>=$I27,2<=$J27),"■","") -> ■ | U27: =IF(AND(3>=$I27,3<=$J27),"■","") -> ■ | V27: =IF(AND(4>=$I27,4<=$J27),"■","") -> ■ | W27: =IF(AND(5>=$I27,5<=$J27),"■","") | X27: =IF(AND(6>=$I27,6<=$J27),"■","") | Y27: =IF(AND(7>=$I27,7<=$J27),"■","")
A28: P03 | B28: Proposal | C28: Cover page & placeholder cleanup | D28: Fix the cover (title, team name Senklok, member names, institutions). Replace placeholders in the concept proposal such as [Team Name] and [Windows 11 / to be confirmed]. | E28: Cover done; no placeholder text left | F28: R4 | G28: {=IFERROR(INDEX(Setup!$B$10:$B$13,MATCH(F28,Setup!$A$10:$A$13,0)),"")} -> Ishak Palentino Napitupulu | I28: 1 | J28: 1 | K28: =Setup!$B$4+I28-1 -> 46315 | L28: =Setup!$B$4+J28-1 -> 46315 | M28: Must | N28: 1 | O28: Not started | P28: {=IFERROR(INDEX(Setup!$B$17:$B$20,MATCH(O28,Setup!$A$17:$A$20,0)),0)} -> 0 | Q28: S01 | S28: =IF(AND(1>=$I28,1<=$J28),"■","") -> ■ | T28: =IF(AND(2>=$I28,2<=$J28),"■","") | U28: =IF(AND(3>=$I28,3<=$J28),"■","") | V28: =IF(AND(4>=$I28,4<=$J28),"■","") | W28: =IF(AND(5>=$I28,5<=$J28),"■","") | X28: =IF(AND(6>=$I28,6<=$J28),"■","") | Y28: =IF(AND(7>=$I28,7<=$J28),"■","")
A29: P04 | B29: Proposal | C29: Introduction | D29: Background with sourced data, Problem Identification (specific problem, causes, impacts) and 3 to 4 SMART objectives (use the KPIs: 90% attribution, 100% PII detection, decision within 1 s). | E29: Section drafted, every statistic cited | F29: R1 | G29: {=IFERROR(INDEX(Setup!$B$10:$B$13,MATCH(F29,Setup!$A$10:$A$13,0)),"")} -> Marcel Luther Sitorus | H29: R3 | I29: 2 | J29: 2 | K29: =Setup!$B$4+I29-1 -> 46316 | L29: =Setup!$B$4+J29-1 -> 46316 | M29: Must | N29: 4 | O29: Not started | P29: {=IFERROR(INDEX(Setup!$B$17:$B$20,MATCH(O29,Setup!$A$17:$A$20,0)),0)} -> 0 | Q29: P01 | S29: =IF(AND(1>=$I29,1<=$J29),"■","") | T29: =IF(AND(2>=$I29,2<=$J29),"■","") -> ■ | U29: =IF(AND(3>=$I29,3<=$J29),"■","") | V29: =IF(AND(4>=$I29,4<=$J29),"■","") | W29: =IF(AND(5>=$I29,5<=$J29),"■","") | X29: =IF(AND(6>=$I29,6<=$J29),"■","") | Y29: =IF(AND(7>=$I29,7<=$J29),"■","")
A30: P05 | B30: Proposal | C30: Problem Analysis: root cause | D30: Root-cause analysis with a fishbone diagram or 5-Whys: encrypted traffic, invisible per-app behavior, expert-only tools, lack of consent. | E30: Diagram + 1 to 2 pages of text | F30: R1 | G30: {=IFERROR(INDEX(Setup!$B$10:$B$13,MATCH(F30,Setup!$A$10:$A$13,0)),"")} -> Marcel Luther Sitorus | H30: R3 | I30: 2 | J30: 3 | K30: =Setup!$B$4+I30-1 -> 46316 | L30: =Setup!$B$4+J30-1 -> 46317 | M30: Must | N30: 3 | O30: Not started | P30: {=IFERROR(INDEX(Setup!$B$17:$B$20,MATCH(O30,Setup!$A$17:$A$20,0)),0)} -> 0 | Q30: P04 | S30: =IF(AND(1>=$I30,1<=$J30),"■","") | T30: =IF(AND(2>=$I30,2<=$J30),"■","") -> ■ | U30: =IF(AND(3>=$I30,3<=$J30),"■","") -> ■ | V30: =IF(AND(4>=$I30,4<=$J30),"■","") | W30: =IF(AND(5>=$I30,5<=$J30),"■","") | X30: =IF(AND(6>=$I30,6<=$J30),"■","") | Y30: =IF(AND(7>=$I30,7<=$J30),"■","")
A31: P06 | B31: Proposal | C31: Problem Analysis: existing solutions & opportunity | D31: Compare existing tools (GlassWire, Little Snitch, Wireshark, mitmproxy and open-source firewalls such as OpenSnitch or Portmaster) with strengths, limits, gaps. Verify each tool's features on its official site. Derive the opportunity. | E31: Comparison table + opportunity statement | F31: R3 | G31: {=IFERROR(INDEX(Setup!$B$10:$B$13,MATCH(F31,Setup!$A$10:$A$13,0)),"")} -> Mahatma Brahmana | H31: R1 | I31: 2 | J31: 3 | K31: =Setup!$B$4+I31-1 -> 46316 | L31: =Setup!$B$4+J31-1 -> 46317 | M31: Must | N31: 4 | O31: Not started | P31: {=IFERROR(INDEX(Setup!$B$17:$B$20,MATCH(O31,Setup!$A$17:$A$20,0)),0)} -> 0 | Q31: P01 | S31: =IF(AND(1>=$I31,1<=$J31),"■","") | T31: =IF(AND(2>=$I31,2<=$J31),"■","") -> ■ | U31: =IF(AND(3>=$I31,3<=$J31),"■","") -> ■ | V31: =IF(AND(4>=$I31,4<=$J31),"■","") | W31: =IF(AND(5>=$I31,5<=$J31),"■","") | X31: =IF(AND(6>=$I31,6<=$J31),"■","") | Y31: =IF(AND(7>=$I31,7<=$J31),"■","")
A32: P07 | B32: Proposal | C32: Proposed Solution section | D32: Solution overview, main features and roles, workflow (input to output), key innovations versus existing tools (reuse and extend Table I of the concept proposal). | E32: Section drafted with workflow figure reference | F32: R1 | G32: {=IFERROR(INDEX(Setup!$B$10:$B$13,MATCH(F32,Setup!$A$10:$A$13,0)),"")} -> Marcel Luther Sitorus | H32: R2 | I32: 3 | J32: 4 | K32: =Setup!$B$4+I32-1 -> 46317 | L32: =Setup!$B$4+J32-1 -> 46318 | M32: Must | N32: 5 | O32: Not started | P32: {=IFERROR(INDEX(Setup!$B$17:$B$20,MATCH(O32,Setup!$A$17:$A$20,0)),0)} -> 0 | Q32: P06 | S32: =IF(AND(1>=$I32,1<=$J32),"■","") | T32: =IF(AND(2>=$I32,2<=$J32),"■","") | U32: =IF(AND(3>=$I32,3<=$J32),"■","") -> ■ | V32: =IF(AND(4>=$I32,4<=$J32),"■","") -> ■ | W32: =IF(AND(5>=$I32,5<=$J32),"■","") | X32: =IF(AND(6>=$I32,6<=$J32),"■","") | Y32: =IF(AND(7>=$I32,7<=$J32),"■","")
A33: P08 | B33: Proposal | C33: System Design diagrams | D33: System architecture, Halt workflow flowchart/sequence, use-case diagram, database ERD (flows, rules, alerts, blocklist, settings) and an API endpoint table. Use real names from the code. | E33: 5 clean diagrams exported as images | F33: R4 | G33: {=IFERROR(INDEX(Setup!$B$10:$B$13,MATCH(F33,Setup!$A$10:$A$13,0)),"")} -> Ishak Palentino Napitupulu | H33: R2, R3 | I33: 3 | J33: 5 | K33: =Setup!$B$4+I33-1 -> 46317 | L33: =Setup!$B$4+J33-1 -> 46319 | M33: Must | N33: 7 | O33: Not started | P33: {=IFERROR(INDEX(Setup!$B$17:$B$20,MATCH(O33,Setup!$A$17:$A$20,0)),0)} -> 0 | Q33: S05, S06 | S33: =IF(AND(1>=$I33,1<=$J33),"■","") | T33: =IF(AND(2>=$I33,2<=$J33),"■","") | U33: =IF(AND(3>=$I33,3<=$J33),"■","") -> ■ | V33: =IF(AND(4>=$I33,4<=$J33),"■","") -> ■ | W33: =IF(AND(5>=$I33,5<=$J33),"■","") -> ■ | X33: =IF(AND(6>=$I33,6<=$J33),"■","") | Y33: =IF(AND(7>=$I33,7<=$J33),"■","")
A34: P09 | B34: Proposal | C34: Technical Implementation section | D34: Stack with justification per layer, module breakdown, security-by-design measures, testing approach, feasibility evidence (prototype screenshots from Days 2 to 4), legal and ethical use (own device only, CA consent). | E34: Section drafted with at least 2 real screenshots | F34: R3 | G34: {=IFERROR(INDEX(Setup!$B$10:$B$13,MATCH(F34,Setup!$A$10:$A$13,0)),"")} -> Mahatma Brahmana | H34: R2 | I34: 4 | J34: 5 | K34: =Setup!$B$4+I34-1 -> 46318 | L34: =Setup!$B$4+J34-1 -> 46319 | M34: Must | N34: 5 | O34: Not started | P34: {=IFERROR(INDEX(Setup!$B$17:$B$20,MATCH(O34,Setup!$A$17:$A$20,0)),0)} -> 0 | Q34: S02, S04 | S34: =IF(AND(1>=$I34,1<=$J34),"■","") | T34: =IF(AND(2>=$I34,2<=$J34),"■","") | U34: =IF(AND(3>=$I34,3<=$J34),"■","") | V34: =IF(AND(4>=$I34,4<=$J34),"■","") -> ■ | W34: =IF(AND(5>=$I34,5<=$J34),"■","") -> ■ | X34: =IF(AND(6>=$I34,6<=$J34),"■","") | Y34: =IF(AND(7>=$I34,7<=$J34),"■","")
A35: P10 | B35: Proposal | C35: Expected MVP + impact, sustainability & dev plan | D35: The official structure has no separate impact or plan section, but both are scored (15% each). Put them here: MVP features and KPIs, measurable impact, scalability and long-term use, timeline to Final Round, resources, risk table. | E35: Section drafted with MVP table, timeline and risks | F35: R1 | G35: {=IFERROR(INDEX(Setup!$B$10:$B$13,MATCH(F35,Setup!$A$10:$A$13,0)),"")} -> Marcel Luther Sitorus | H35: All | I35: 5 | J35: 5 | K35: =Setup!$B$4+I35-1 -> 46319 | L35: =Setup!$B$4+J35-1 -> 46319 | M35: Must | N35: 5 | O35: Not started | P35: {=IFERROR(INDEX(Setup!$B$17:$B$20,MATCH(O35,Setup!$A$17:$A$20,0)),0)} -> 0 | Q35: P07 | S35: =IF(AND(1>=$I35,1<=$J35),"■","") | T35: =IF(AND(2>=$I35,2<=$J35),"■","") | U35: =IF(AND(3>=$I35,3<=$J35),"■","") | V35: =IF(AND(4>=$I35,4<=$J35),"■","") | W35: =IF(AND(5>=$I35,5<=$J35),"■","") -> ■ | X35: =IF(AND(6>=$I35,6<=$J35),"■","") | Y35: =IF(AND(7>=$I35,7<=$J35),"■","")
A36: P11 | B36: Proposal | C36: Integrate user-validation results | D36: Add survey and interview findings (counts, percentages, quotes) to Background, Problem Identification and Opportunity. | E36: Evidence visible in at least 2 sections | F36: R1 | G36: {=IFERROR(INDEX(Setup!$B$10:$B$13,MATCH(F36,Setup!$A$10:$A$13,0)),"")} -> Marcel Luther Sitorus | H36: R4 | I36: 5 | J36: 5 | K36: =Setup!$B$4+I36-1 -> 46319 | L36: =Setup!$B$4+J36-1 -> 46319 | M36: Must | N36: 2 | O36: Not started | P36: {=IFERROR(INDEX(Setup!$B$17:$B$20,MATCH(O36,Setup!$A$17:$A$20,0)),0)} -> 0 | Q36: P02 | S36: =IF(AND(1>=$I36,1<=$J36),"■","") | T36: =IF(AND(2>=$I36,2<=$J36),"■","") | U36: =IF(AND(3>=$I36,3<=$J36),"■","") | V36: =IF(AND(4>=$I36,4<=$J36),"■","") | W36: =IF(AND(5>=$I36,5<=$J36),"■","") -> ■ | X36: =IF(AND(6>=$I36,6<=$J36),"■","") | Y36: =IF(AND(7>=$I36,7<=$J36),"■","")
A37: P12 | B37: Proposal | C37: References (IEEE) & fact-check | D37: Check every cited number and source (e.g., IBM report figures, PP 33/2026), convert to IEEE format, number by order of first appearance. | E37: Every in-text citation matches a verified reference | F37: R1 | G37: {=IFERROR(INDEX(Setup!$B$10:$B$13,MATCH(F37,Setup!$A$10:$A$13,0)),"")} -> Marcel Luther Sitorus | H37: R3 | I37: 5 | J37: 6 | K37: =Setup!$B$4+I37-1 -> 46319 | L37: =Setup!$B$4+J37-1 -> 46320 | M37: Must | N37: 3 | O37: Not started | P37: {=IFERROR(INDEX(Setup!$B$17:$B$20,MATCH(O37,Setup!$A$17:$A$20,0)),0)} -> 0 | Q37: P04-P10 | S37: =IF(AND(1>=$I37,1<=$J37),"■","") | T37: =IF(AND(2>=$I37,2<=$J37),"■","") | U37: =IF(AND(3>=$I37,3<=$J37),"■","") | V37: =IF(AND(4>=$I37,4<=$J37),"■","") | W37: =IF(AND(5>=$I37,5<=$J37),"■","") -> ■ | X37: =IF(AND(6>=$I37,6<=$J37),"■","") -> ■ | Y37: =IF(AND(7>=$I37,7<=$J37),"■","")
A38: P13 | B38: Proposal | C38: Assemble full draft & format | D38: Merge all sections, consistent figure and table numbering, English only, no SARA content, within 15 pages (excluding cover, references, appendix). Make diagram text legible. | E38: Single PDF draft within the page limit | F38: R4 | G38: {=IFERROR(INDEX(Setup!$B$10:$B$13,MATCH(F38,Setup!$A$10:$A$13,0)),"")} -> Ishak Palentino Napitupulu | H38: R1 | I38: 5 | J38: 6 | K38: =Setup!$B$4+I38-1 -> 46319 | L38: =Setup!$B$4+J38-1 -> 46320 | M38: Must | N38: 4 | O38: Not started | P38: {=IFERROR(INDEX(Setup!$B$17:$B$20,MATCH(O38,Setup!$A$17:$A$20,0)),0)} -> 0 | Q38: P04-P12 | S38: =IF(AND(1>=$I38,1<=$J38),"■","") | T38: =IF(AND(2>=$I38,2<=$J38),"■","") | U38: =IF(AND(3>=$I38,3<=$J38),"■","") | V38: =IF(AND(4>=$I38,4<=$J38),"■","") | W38: =IF(AND(5>=$I38,5<=$J38),"■","") -> ■ | X38: =IF(AND(6>=$I38,6<=$J38),"■","") -> ■ | Y38: =IF(AND(7>=$I38,7<=$J38),"■","")
A39: P14 | B39: Proposal | C39: Peer review against scoring rubric | D39: Each reviewer scores the draft on the 5 criteria (Problem 20, Solution 25, Technical 25, Impact 15, Plan 15) and lists the top fixes. | E39: Review sheet with scores and fix list | F39: R2 | G39: {=IFERROR(INDEX(Setup!$B$10:$B$13,MATCH(F39,Setup!$A$10:$A$13,0)),"")} -> Audric Yusuf Maynard Simatupang | H39: All | I39: 6 | J39: 6 | K39: =Setup!$B$4+I39-1 -> 46320 | L39: =Setup!$B$4+J39-1 -> 46320 | M39: Must | N39: 3 | O39: In progress | P39: {=IFERROR(INDEX(Setup!$B$17:$B$20,MATCH(O39,Setup!$A$17:$A$20,0)),0)} -> 0 | Q39: P13 | R39: 2026-10-27 (Asia/Jakarta): Completed preliminary-PDF rubric review: internal 62/100 with prioritized fixes in docs/proposal/audric-peer-review.md. Final P14 acceptance awaits the P13 assembled full draft. | S39: =IF(AND(1>=$I39,1<=$J39),"■","") | T39: =IF(AND(2>=$I39,2<=$J39),"■","") | U39: =IF(AND(3>=$I39,3<=$J39),"■","") | V39: =IF(AND(4>=$I39,4<=$J39),"■","") | W39: =IF(AND(5>=$I39,5<=$J39),"■","") | X39: =IF(AND(6>=$I39,6<=$J39),"■","") -> ■ | Y39: =IF(AND(7>=$I39,7<=$J39),"■","")
A40: P15 | B40: Proposal | C40: Final revision, PDF export & submission | D40: Apply fixes, export as FPH_Senklok.pdf, check page count, fonts, figures and links, submit before the deadline and keep a backup copy. | E40: Submission confirmed | F40: R1 | G40: {=IFERROR(INDEX(Setup!$B$10:$B$13,MATCH(F40,Setup!$A$10:$A$13,0)),"")} -> Marcel Luther Sitorus | H40: R4 | I40: 7 | J40: 7 | K40: =Setup!$B$4+I40-1 -> 46321 | L40: =Setup!$B$4+J40-1 -> 46321 | M40: Must | N40: 3 | O40: Not started | P40: {=IFERROR(INDEX(Setup!$B$17:$B$20,MATCH(O40,Setup!$A$17:$A$20,0)),0)} -> 0 | Q40: P14 | S40: =IF(AND(1>=$I40,1<=$J40),"■","") | T40: =IF(AND(2>=$I40,2<=$J40),"■","") | U40: =IF(AND(3>=$I40,3<=$J40),"■","") | V40: =IF(AND(4>=$I40,4<=$J40),"■","") | W40: =IF(AND(5>=$I40,5<=$J40),"■","") | X40: =IF(AND(6>=$I40,6<=$J40),"■","") | Y40: =IF(AND(7>=$I40,7<=$J40),"■","") -> ■

Sheet Setup
A1: SentriFlow 7-Day Tracker: Setup
A3: Edit the yellow cells. Everything else recalculates.
A4: Day 1 start date | B4: 46315 | C4: Assumption: Day 1 = today (20 Oct 2026). Change if your 7-day window starts elsewhere.
A5: Available hours per person per day | B5: 6 | C5: Assumption: 6 h/day per member. Adjust to real availability alongside other courses.
A8: Team roles (role codes are used in the Tasks sheet)
A9: Role code | B9: Name | C9: Focus
A10: R1 | B10: Marcel Luther Sitorus | C10: Project lead, proposal writing, user validation, demo data
A11: R2 | B11: Audric Yusuf Maynard Simatupang | C11: Proxy, backend, Halt engine, integration
A12: R3 | B12: Mahatma Brahmana | C12: Process mapping, inspector, blocklist, database, tests
A13: R4 | B13: Ishak Palentino Napitupulu | C13: Frontend dashboard, diagrams, proposal formatting
A14: Assumption: the mapping of members to roles is my suggestion (names taken from the cover of CP_Senklok.pdf). Swap names freely.
A16: Status values | B16: Progress counted
A17: Not started | B17: 0
A18: In progress | B18: 0.5
A19: Blocked | B19: 0
A20: Done | B20: 1
A22: Priority values
A23: Core
A24: Must
A25: Should
A26: Extended
A27: Stretch
A29: How to use: update only the Status column (and Notes) in the Tasks sheet. % done, dates, Gantt bars and the Dashboard update automatically. Extended and Stretch tasks are the first to cut if the Day-4 checkpoint is missed.
